Description,Price(USD),Rating,Review Count,Display Size,Resolution,Url of the Product
"PHILIPS 22 inch Class Thin Full HD (1920 x 1080) 75Hz Monitor, VESA, HDMI & VGA Port, 4 Year Advance Replacement Warranty, 221V8LN",69.99,4.6 out of 5 stars,"2,951",21.5 inches,FHD 1080p,https://www.amazon.com/PHILIPS-Computer-Monitors-Replacement-221V8LN/dp/B0BRR4ZGNP/ref=sr_1_1?dib=eyJ2IjoiMSJ9.pA9rTfP4tLICJSEBVvKRX-RCJnhl3uNJAKM_FYjB52g0JLFXC5a4eQOlub9mi9MiORYObbt77oSkBl5JdlVJj7UYp9UjMJEYXvs2xnw5UG7JPQjGjV7uWRwqhP2ALmjyPKJ2L_2uumMgZWAa6657pXFDPUXf4Ujtny7iRD5Hhqgdq0L6aNVC1NI0o5b9sRqM03DiiOWmUZCbojgCHUGUH3LJxuFzq5CecbxLE6hTc5U.Hv_24RQlZiuOi6celL3KEGUTSgi9UIstceXZL7Kle24&dib_tag=se&keywords=Monitor&qid=1711688534&sr=8-1
"LG 22MR410-B 22-inch FHD Computer Monitor, 100Hz, 5ms, AMD FreeSync, Reader Mode & Flicker Safe, 3-Side Borderless Design, Black Stabilizer, Dynamic Action Sync, HDMI, D-Sub, Tilt Stand, Black",69.99,4.5 out of 5 stars,529,,FHD 1080p,https://www.amazon.com/LG-22MR410-B-Computer-Borderless-Stabilizer/dp/B0CJHG3Y22/ref=sr_1_2?dib=eyJ2IjoiMSJ9.pA9rTfP4tLICJSEBVvKRX-RCJnhl3uNJAKM_FYjB52g0JLFXC5a4eQOlub9mi9MiORYObbt77oSkBl5JdlVJj7UYp9UjMJEYXvs2xnw5UG7JPQjGjV7uWRwqhP2ALmjyPKJ2L_2uumMgZWAa6657pXFDPUXf4Ujtny7iRD5Hhqgdq0L6aNVC1NI0o5b9sRqM03DiiOWmUZCbojgCHUGUH3LJxuFzq5CecbxLE6hTc5U.Hv_24RQlZiuOi6celL3KEGUTSgi9UIstceXZL7Kle24&dib_tag=se&keywords=Monitor&qid=1711688534&sr=8-2
"Sceptre New 27-inch Gaming Monitor 100Hz 1ms DisplayPort HDMI x2 100% sRGB AMD FreeSync Build-in Speakers, Eye Care Frameless Machine Black 2024 (E275W-FW100T)",109.97,4.6 out of 5 stars,"31,748",27 inches,FHD 1080p,https://www.amazon.com/Sceptre-DisplayPort-FreeSync-Frameless-E275W-FW100T/dp/B0CHHSFMRL/ref=sr_1_3?dib=eyJ2IjoiMSJ9.pA9rTfP4tLICJSEBVvKRX-RCJnhl3uNJAKM_FYjB52g0JLFXC5a4eQOlub9mi9MiORYObbt77oSkBl5JdlVJj7UYp9UjMJEYXvs2xnw5UG7JPQjGjV7uWRwqhP2ALmjyPKJ2L_2uumMgZWAa6657pXFDPUXf4Ujtny7iRD5Hhqgdq0L6aNVC1NI0o5b9sRqM03DiiOWmUZCbojgCHUGUH3LJxuFzq5CecbxLE6hTc5U.Hv_24RQlZiuOi6celL3KEGUTSgi9UIstceXZL7Kle24&dib_tag=se&keywords=Monitor&qid=1711688534&sr=8-3
Portable-Monitor-for-Laptop - 15.6'' 1080P FHD IPS Display USB-C&HDMI Portable Monitor for Laptop with Cover and Speakers External Monitor for Laptop/PC/Mac/Phone/Xbox Switch/PS4,72.15,4.6 out of 5 stars,"2,487",15.6 inches,FHD 1080p,https://www.amazon.com/VILVA-Portable-Monitor-Laptop-Portable-Speakers/dp/B0BTSFVMLV/ref=sr_1_4?dib=eyJ2IjoiMSJ9.pA9rTfP4tLICJSEBVvKRX-RCJnhl3uNJAKM_FYjB52g0JLFXC5a4eQOlub9mi9MiORYObbt77oSkBl5JdlVJj7UYp9UjMJEYXvs2xnw5UG7JPQjGjV7uWRwqhP2ALmjyPKJ2L_2uumMgZWAa6657pXFDPUXf4Ujtny7iRD5Hhqgdq0L6aNVC1NI0o5b9sRqM03DiiOWmUZCbojgCHUGUH3LJxuFzq5CecbxLE6hTc5U.Hv_24RQlZiuOi6celL3KEGUTSgi9UIstceXZL7Kle24&dib_tag=se&keywords=Monitor&qid=1711688534&sr=8-4
"Sceptre Curved 24-inch Gaming Monitor 1080p R1500 98% sRGB HDMI x2 VGA Build-in Speakers, VESA Wall Mount Machine Black (C248W-1920RN Series)",89.99,4.6 out of 5 stars,"20,891",24 inches,FHD 1080p,https://www.amazon.com/Sceptre-Curved-Monitor-Speakers-C248W-1920RN/dp/B07KXSR99Y/ref=sr_1_5?dib=eyJ2IjoiMSJ9.pA9rTfP4tLICJSEBVvKRX-RCJnhl3uNJAKM_FYjB52g0JLFXC5a4eQOlub9mi9MiORYObbt77oSkBl5JdlVJj7UYp9UjMJEYXvs2xnw5UG7JPQjGjV7uWRwqhP2ALmjyPKJ2L_2uumMgZWAa6657pXFDPUXf4Ujtny7iRD5Hhqgdq0L6aNVC1NI0o5b9sRqM03DiiOWmUZCbojgCHUGUH3LJxuFzq5CecbxLE6hTc5U.Hv_24RQlZiuOi6celL3KEGUTSgi9UIstceXZL7Kle24&dib_tag=se&keywords=Monitor&qid=1711688534&sr=8-5
"Dell S2421HS Full HD 1920 x 1080, 24-Inch 1080p LED, 75Hz, Desktop Monitor with Adjustable Stand, 4ms Grey-to-Grey Response Time, AMD FreeSync, IPS Technology, HDMI, DisplayPort, Silver, 24.0"" FHD",99.99,4.6 out of 5 stars,"1,302",24 inches,FHD 1080p,https://www.amazon.com/Dell-S2421HS-Adjustable-Technology-DisplayPort/dp/B09SQYR4MM/ref=sr_1_6?dib=eyJ2IjoiMSJ9.pA9rTfP4tLICJSEBVvKRX-RCJnhl3uNJAKM_FYjB52g0JLFXC5a4eQOlub9mi9MiORYObbt77oSkBl5JdlVJj7UYp9UjMJEYXvs2xnw5UG7JPQjGjV7uWRwqhP2ALmjyPKJ2L_2uumMgZWAa6657pXFDPUXf4Ujtny7iRD5Hhqgdq0L6aNVC1NI0o5b9sRqM03DiiOWmUZCbojgCHUGUH3LJxuFzq5CecbxLE6hTc5U.Hv_24RQlZiuOi6celL3KEGUTSgi9UIstceXZL7Kle24&dib_tag=se&keywords=Monitor&qid=1711688534&sr=8-6
"SANSUI Monitor 24 inch 100Hz PC Monitor, VESA, HDMI VGA Ports, FHD Computer Monitor Ultra-Slim Ergonomic Tilt Eye Care for Home Office (ES-24F2, HDMI Cable Included)",78.98,4.3 out of 5 stars,"3,003",24 inches,FHD 1080p,https://www.amazon.com/SANSUI-Monitor-24-Ultra-Slim-Ergonomic-ES-24F1/dp/B0B17KHCQN/ref=sr_1_7?dib=eyJ2IjoiMSJ9.pA9rTfP4tLICJSEBVvKRX-RCJnhl3uNJAKM_FYjB52g0JLFXC5a4eQOlub9mi9MiORYObbt77oSkBl5JdlVJj7UYp9UjMJEYXvs2xnw5UG7JPQjGjV7uWRwqhP2ALmjyPKJ2L_2uumMgZWAa6657pXFDPUXf4Ujtny7iRD5Hhqgdq0L6aNVC1NI0o5b9sRqM03DiiOWmUZCbojgCHUGUH3LJxuFzq5CecbxLE6hTc5U.Hv_24RQlZiuOi6celL3KEGUTSgi9UIstceXZL7Kle24&dib_tag=se&keywords=Monitor&qid=1711688534&sr=8-7
"LG 34WP60C-B 34-Inch 21:9 Curved UltraWide QHD (3440x1440) VA Display with sRGB 99% Color Gamut and HDR 10, AMD FreeSync Premium and 3-Side Virtually Borderless Screen Curved QHD Tilt,Black",229.99,4.5 out of 5 stars,384,34 inches,5K QHD 1440p,https://www.amazon.com/LG-34WP60C-B-34-Inch-UltraWide-Borderless/dp/B09XTNY742/ref=sr_1_8?dib=eyJ2IjoiMSJ9.pA9rTfP4tLICJSEBVvKRX-RCJnhl3uNJAKM_FYjB52g0JLFXC5a4eQOlub9mi9MiORYObbt77oSkBl5JdlVJj7UYp9UjMJEYXvs2xnw5UG7JPQjGjV7uWRwqhP2ALmjyPKJ2L_2uumMgZWAa6657pXFDPUXf4Ujtny7iRD5Hhqgdq0L6aNVC1NI0o5b9sRqM03DiiOWmUZCbojgCHUGUH3LJxuFzq5CecbxLE6hTc5U.Hv_24RQlZiuOi6celL3KEGUTSgi9UIstceXZL7Kle24&dib_tag=se&keywords=Monitor&qid=1711688534&sr=8-8
"SAMSUNG 27"" T35F Series FHD 1080p Computer Monitor, 75Hz, IPS Panel, HDMI, VGA (D-Sub), 3-Sided Border-Less, FreeSync, LF27T350FHNXZA",118.25,4.5 out of 5 stars,"4,496",27 inches,FHD 1080p,https://www.amazon.com/SAMSUNG-27-inch-Border-Less-FreeSync-LF27T350FHNXZA/dp/B08FF3JQ28/ref=sr_1_9?dib=eyJ2IjoiMSJ9.pA9rTfP4tLICJSEBVvKRX-RCJnhl3uNJAKM_FYjB52g0JLFXC5a4eQOlub9mi9MiORYObbt77oSkBl5JdlVJj7UYp9UjMJEYXvs2xnw5UG7JPQjGjV7uWRwqhP2ALmjyPKJ2L_2uumMgZWAa6657pXFDPUXf4Ujtny7iRD5Hhqgdq0L6aNVC1NI0o5b9sRqM03DiiOWmUZCbojgCHUGUH3LJxuFzq5CecbxLE6hTc5U.Hv_24RQlZiuOi6celL3KEGUTSgi9UIstceXZL7Kle24&dib_tag=se&keywords=Monitor&qid=1711688534&sr=8-9
"Acer K202Q bi 19.5-inch Professional HD+ (1600 x 900) Monitor, 75Hz Refresh Rate, VESA Mountable, VisionCare Technologies, BlueLight Filter & Flickerless Technology (HDMI Port & VGA Port),Black",64.99,4.4 out of 5 stars,"3,274",19.5 inches,,https://www.amazon.com/Professional-VisionCare-Technologies-Flickerless-Technology/dp/B0C4C69HG7/ref=sr_1_10?dib=eyJ2IjoiMSJ9.pA9rTfP4tLICJSEBVvKRX-RCJnhl3uNJAKM_FYjB52g0JLFXC5a4eQOlub9mi9MiORYObbt77oSkBl5JdlVJj7UYp9UjMJEYXvs2xnw5UG7JPQjGjV7uWRwqhP2ALmjyPKJ2L_2uumMgZWAa6657pXFDPUXf4Ujtny7iRD5Hhqgdq0L6aNVC1NI0o5b9sRqM03DiiOWmUZCbojgCHUGUH3LJxuFzq5CecbxLE6hTc5U.Hv_24RQlZiuOi6celL3KEGUTSgi9UIstceXZL7Kle24&dib_tag=se&keywords=Monitor&qid=1711688534&sr=8-10
"Acer Nitro KG241Y Sbiip 23.8‚Äù Full HD (1920 x 1080) VA Gaming Monitor | AMD FreeSync Premium Technology | 165Hz Refresh Rate | 1ms (VRB) | ZeroFrame Design | 1 x Display Port 1.2 & 2 x HDMI 2.0,Black",109.99,4.5 out of 5 stars,"5,170",23.8 inches,FHD 1080p,https://www.amazon.com/Acer-Monitor-FreeSync-Technology-ZeroFrame/dp/B0B6DFG1FQ/ref=sr_1_11?dib=eyJ2IjoiMSJ9.pA9rTfP4tLICJSEBVvKRX-RCJnhl3uNJAKM_FYjB52g0JLFXC5a4eQOlub9mi9MiORYObbt77oSkBl5JdlVJj7UYp9UjMJEYXvs2xnw5UG7JPQjGjV7uWRwqhP2ALmjyPKJ2L_2uumMgZWAa6657pXFDPUXf4Ujtny7iRD5Hhqgdq0L6aNVC1NI0o5b9sRqM03DiiOWmUZCbojgCHUGUH3LJxuFzq5CecbxLE6hTc5U.Hv_24RQlZiuOi6celL3KEGUTSgi9UIstceXZL7Kle24&dib_tag=se&keywords=Monitor&qid=1711688534&sr=8-11
"SAMSUNG 27"" CF39 Series FHD 1080p Curved Computer Monitor, Ultra Slim Design, AMD FreeSync, 4ms response, HDMI, DisplayPort, VESA Compatible, Wide Viewing Angle, LC27F398FWNXZA, Black",169.99,4.6 out of 5 stars,"20,605",27 inches,FHD 1080p,https://www.amazon.com/Samsung-LC27F398FWNXZA-C27F398-Curved-Monitor/dp/B01CX26WIG/ref=sr_1_12?dib=eyJ2IjoiMSJ9.pA9rTfP4tLICJSEBVvKRX-RCJnhl3uNJAKM_FYjB52g0JLFXC5a4eQOlub9mi9MiORYObbt77oSkBl5JdlVJj7UYp9UjMJEYXvs2xnw5UG7JPQjGjV7uWRwqhP2ALmjyPKJ2L_2uumMgZWAa6657pXFDPUXf4Ujtny7iRD5Hhqgdq0L6aNVC1NI0o5b9sRqM03DiiOWmUZCbojgCHUGUH3LJxuFzq5CecbxLE6hTc5U.Hv_24RQlZiuOi6celL3KEGUTSgi9UIstceXZL7Kle24&dib_tag=se&keywords=Monitor&qid=1711688534&sr=8-12
"LG FHD (1920 x 1080) 27 Inch Computer Monitor, IPS, AMD FreeSync, 3-Side Borderless Design, Tilt/Height Adjustable Stand, 75Hz, 5ms, OnScreen Control, HDMI, DisplayPort, D-Sub, 27MP450-B, Black",119.99,4.6 out of 5 stars,"1,395",27 inches,FHD 1080p,https://www.amazon.com/LG-27MP450-B-Virtually-Borderless-FreeSync/dp/B09M5S1YW6/ref=sr_1_13?dib=eyJ2IjoiMSJ9.pA9rTfP4tLICJSEBVvKRX-RCJnhl3uNJAKM_FYjB52g0JLFXC5a4eQOlub9mi9MiORYObbt77oSkBl5JdlVJj7UYp9UjMJEYXvs2xnw5UG7JPQjGjV7uWRwqhP2ALmjyPKJ2L_2uumMgZWAa6657pXFDPUXf4Ujtny7iRD5Hhqgdq0L6aNVC1NI0o5b9sRqM03DiiOWmUZCbojgCHUGUH3LJxuFzq5CecbxLE6hTc5U.Hv_24RQlZiuOi6celL3KEGUTSgi9UIstceXZL7Kle24&dib_tag=se&keywords=Monitor&qid=1711688534&sr=8-13
"Sceptre 34-Inch Curved Ultrawide WQHD Monitor 3440 x 1440 R1500 up to 165Hz DisplayPort x2 99% sRGB 1ms Picture by Picture, Machine Black 2023 (C345B-QUT168)",239.97,4.5 out of 5 stars,"3,271",34 inches,QHD Ultra Wide 1440p,https://www.amazon.com/Sceptre-34-Inch-Ultrawide-DisplayPort-C345B-QUT168/dp/B0BTK1C533/ref=sr_1_14?dib=eyJ2IjoiMSJ9.pA9rTfP4tLICJSEBVvKRX-RCJnhl3uNJAKM_FYjB52g0JLFXC5a4eQOlub9mi9MiORYObbt77oSkBl5JdlVJj7UYp9UjMJEYXvs2xnw5UG7JPQjGjV7uWRwqhP2ALmjyPKJ2L_2uumMgZWAa6657pXFDPUXf4Ujtny7iRD5Hhqgdq0L6aNVC1NI0o5b9sRqM03DiiOWmUZCbojgCHUGUH3LJxuFzq5CecbxLE6hTc5U.Hv_24RQlZiuOi6celL3KEGUTSgi9UIstceXZL7Kle24&dib_tag=se&keywords=Monitor&qid=1711688534&sr=8-14
"SAMSUNG 24"" Odyssey G32A FHD 1ms 165Hz Gaming Monitor with Eye Saver Mode, Free-Sync Premium, Height Adjustable Screen for Gamer Comfort, VESA Mount Capability, LS24AG320NNXZA",129.99,4.6 out of 5 stars,"2,567",24 inches,FHD 1080p,https://www.amazon.com/SAMSUNG-Free-Sync-Adjustable-Capability-LS24AG320NNXZA/dp/B09Q7P8VHN/ref=sr_1_15?dib=eyJ2IjoiMSJ9.pA9rTfP4tLICJSEBVvKRX-RCJnhl3uNJAKM_FYjB52g0JLFXC5a4eQOlub9mi9MiORYObbt77oSkBl5JdlVJj7UYp9UjMJEYXvs2xnw5UG7JPQjGjV7uWRwqhP2ALmjyPKJ2L_2uumMgZWAa6657pXFDPUXf4Ujtny7iRD5Hhqgdq0L6aNVC1NI0o5b9sRqM03DiiOWmUZCbojgCHUGUH3LJxuFzq5CecbxLE6hTc5U.Hv_24RQlZiuOi6celL3KEGUTSgi9UIstceXZL7Kle24&dib_tag=se&keywords=Monitor&qid=1711688534&sr=8-15
"Acer Nitro 31.5"" FHD 1920 x 1080 1500R Curved PC Gaming Monitor | AMD FreeSync Premium | Up to 165Hz Refresh | 1ms VRB | VESA Mountable | HDR10 | 1 x Display Port 1.2 & 2 x HDMI 1.4 | EDA320Q Pbiipx",169.99,4.6 out of 5 stars,"1,835",31.5 inches,FHD 1080p,https://www.amazon.com/Monitor-FreeSync-Premium-Refresh-Mountable/dp/B0C9JN5TDZ/ref=sr_1_16?dib=eyJ2IjoiMSJ9.pA9rTfP4tLICJSEBVvKRX-RCJnhl3uNJAKM_FYjB52g0JLFXC5a4eQOlub9mi9MiORYObbt77oSkBl5JdlVJj7UYp9UjMJEYXvs2xnw5UG7JPQjGjV7uWRwqhP2ALmjyPKJ2L_2uumMgZWAa6657pXFDPUXf4Ujtny7iRD5Hhqgdq0L6aNVC1NI0o5b9sRqM03DiiOWmUZCbojgCHUGUH3LJxuFzq5CecbxLE6hTc5U.Hv_24RQlZiuOi6celL3KEGUTSgi9UIstceXZL7Kle24&dib_tag=se&keywords=Monitor&qid=1711688534&sr=8-16
